,U_DPTO,U_MPIO,HA_TOT_PER,Municipio,Departamento
0,5,1,2359801.0,Medellin,Antioquia
1,5,2,17573.0,Abejorral,Antioquia
2,5,4,2141.0,Abriaqui,Antioquia
3,5,21,3826.0,Alejandria,Antioquia
4,5,30,26687.0,Amaga,Antioquia
5,5,31,20141.0,Amalfi,Antioquia
6,5,34,37027.0,Andes,Antioquia
7,5,36,5013.0,Angelopolis,Antioquia
8,5,38,10500.0,Angostura,Antioquia
9,5,40,14477.0,Anori,Antioquia
10,5,42,22966.0,Antioquia,Antioquia
11,5,44,6386.0,Anza,Antioquia
12,5,45,112396.0,Apartado,Antioquia
13,5,51,26279.0,Arboletes,Antioquia
14,5,55,6733.0,Argelia,Antioquia
15,5,59,3817.0,Armenia,Antioquia
16,5,79,44621.0,Barbosa,Antioquia
17,5,86,5349.0,Belmira,Antioquia
18,5,88,477660.0,Bello,Antioquia
19,5,91,8589.0,Betania,Antioquia
20,5,93,15069.0,Betulia,Antioquia
21,5,101,23086.0,Bolivar,Antioquia
22,5,107,5946.0,Briceño,Antioquia
23,5,113,7368.0,Buritica,Antioquia
24,5,120,26120.0,Caceres,Antioquia
25,5,125,7015.0,Caicedo,Antioquia
26,5,129,75971.0,Caldas,Antioquia
27,5,134,7402.0,Campamento,Antioquia
28,5,138,13562.0,Cañasgordas,Antioquia
29,5,142,3955.0,Caracoli,Antioquia
30,5,145,4269.0,Caramanta,Antioquia
31,5,147,45300.0,Carepa,Antioquia
32,5,148,53606.0,Carmen de viboral,Antioquia
33,5,150,3320.0,Carolina,Antioquia
34,5,154,84459.0,Caucasia,Antioquia
35,5,172,55558.0,Chigorodo,Antioquia
36,5,190,8891.0,Cisneros,Antioquia
37,5,197,14703.0,Cocorna,Antioquia
38,5,206,3901.0,Concepcion,Antioquia
39,5,209,16063.0,Concordia,Antioquia
40,5,212,76078.0,Copacabana,Antioquia
41,5,234,22678.0,Dabeiba,Antioquia
42,5,237,14163.0,Don matias,Antioquia
43,5,240,10323.0,Ebejico,Antioquia
44,5,250,47549.0,El bagre,Antioquia
45,5,264,8779.0,Entrerrios,Antioquia
46,5,266,211558.0,Envigado,Antioquia
47,5,282,18744.0,Fredonia,Antioquia
48,5,284,20111.0,Frontino,Antioquia
49,5,306,5057.0,Giraldo,Antioquia
50,5,308,48310.0,Girardota,Antioquia
51,5,310,8212.0,Gomez plata,Antioquia
52,5,313,9203.0,Granada,Antioquia
53,5,315,5452.0,Guadalupe,Antioquia
54,5,318,42034.0,Guarne,Antioquia
55,5,321,6998.0,Guatape,Antioquia
56,5,347,4709.0,Heliconia,Antioquia
57,5,353,4950.0,Hispania,Antioquia
58,5,360,261576.0,Itagui,Antioquia
59,5,361,18443.0,Ituango,Antioquia
60,5,364,13453.0,Jardin,Antioquia
61,5,368,11046.0,Jerico,Antioquia
62,5,376,58787.0,La ceja,Antioquia
63,5,380,67002.0,La estrella,Antioquia
64,5,390,7974.0,La pintada,Antioquia
65,5,400,20738.0,La union,Antioquia
66,5,411,7902.0,Liborina,Antioquia
67,5,425,7292.0,Maceo,Antioquia
68,5,440,55225.0,Marinilla,Antioquia
69,5,467,5881.0,Montebello,Antioquia
70,5,475,4642.0,Murindo,Antioquia
71,5,480,12602.0,Mutata,Antioquia
72,5,483,8599.0,Nariño,Antioquia
73,5,490,38420.0,Necocli,Antioquia
74,5,495,24030.0,Nechi,Antioquia
75,5,501,2719.0,Olaya,Antioquia
76,5,541,17996.0,Peñol,Antioquia
77,5,543,7141.0,Peque,Antioquia
78,5,576,7202.0,Pueblorrico,Antioquia
79,5,579,35791.0,Puerto berrio,Antioquia
80,5,585,12127.0,Puerto nare (la magdalena),Antioquia
81,5,591,15490.0,Puerto triunfo,Antioquia
82,5,604,22519.0,Remedios,Antioquia
83,5,607,20568.0,Retiro,Antioquia
84,5,615,114851.0,Rionegro,Antioquia
85,5,628,7813.0,Sabanalarga,Antioquia
86,5,631,81630.0,Sabaneta,Antioquia
87,5,642,15729.0,Salgar,Antioquia
88,5,647,6295.0,San andres,Antioquia
89,5,649,14373.0,San carlos,Antioquia
90,5,652,5223.0,San francisco,Antioquia
91,5,656,13133.0,San jeronimo,Antioquia
92,5,658,2952.0,San jose de la montaña,Antioquia
93,5,659,19992.0,San juan de uraba,Antioquia
94,5,660,11099.0,San luis,Antioquia
95,5,664,17020.0,San pedro,Antioquia
96,5,665,30064.0,San pedro de uraba,Antioquia
97,5,667,12557.0,San rafael,Antioquia
98,5,670,17750.0,San roque,Antioquia
99,5,674,17987.0,San vicente,Antioquia
100,5,679,21836.0,Santa barbara,Antioquia
101,5,686,30350.0,Santa rosa de osos,Antioquia
102,5,690,9520.0,Santo domingo,Antioquia
103,5,697,30255.0,Santuario,Antioquia
104,5,736,33310.0,Segovia,Antioquia
105,5,756,31598.0,Sonson,Antioquia
106,5,761,13709.0,Sopetran,Antioquia
107,5,789,14814.0,Tamesis,Antioquia
108,5,790,22729.0,Taraza,Antioquia
109,5,792,5646.0,Tarso,Antioquia
110,5,809,8179.0,Titiribi,Antioquia
111,5,819,4922.0,Toledo,Antioquia
112,5,837,114212.0,Turbo,Antioquia
113,5,842,6523.0,Uramita,Antioquia
114,5,847,28860.0,Urrao,Antioquia
115,5,854,11511.0,Valdivia,Antioquia
116,5,856,5414.0,Valparaiso,Antioquia
117,5,858,11134.0,Vegachi,Antioquia
118,5,861,10221.0,Venecia,Antioquia
119,5,873,8126.0,Vigia del fuerte,Antioquia
120,5,885,6234.0,Yali,Antioquia
121,5,887,35842.0,Yarumal,Antioquia
122,5,890,18915.0,Yolombo,Antioquia
123,5,893,17493.0,Yondo,Antioquia
124,5,895,24052.0,Zaragoza,Antioquia
125,8,1,1115490.0,"Barranquilla (distrito especial, industrial y portuario de barranquilla)",Atlantico
126,8,78,61446.0,Baranoa,Atlantico
127,8,137,22810.0,Campo de la cruz,Atlantico
128,8,141,15631.0,Candelaria,Atlantico
129,8,296,55014.0,Galapa,Atlantico
130,8,372,18828.0,Juan de acosta,Atlantico
131,8,421,27647.0,Luruaco,Atlantico
132,8,433,119704.0,Malambo,Atlantico
133,8,436,19233.0,Manati,Atlantico
134,8,520,27087.0,Palmar de varela,Atlantico
135,8,549,5636.0,Piojo,Atlantico
136,8,558,16221.0,Polo nuevo,Atlantico
137,8,560,23412.0,Ponedera,Atlantico
138,8,573,47742.0,Puerto colombia,Atlantico
139,8,606,25467.0,Repelon,Atlantico
140,8,634,31991.0,Sabanagrande,Atlantico
141,8,638,92283.0,Sabanalarga,Atlantico
142,8,675,12650.0,Santa lucia,Atlantico
143,8,685,28635.0,Santo tomas,Atlantico
144,8,758,535639.0,Soledad,Atlantico
145,8,770,11607.0,Suan,Atlantico
146,8,832,12718.0,Tubara,Atlantico
147,8,849,9543.0,Usiacuri,Atlantico
148,11,1,7149540.0,"Santa fe de bogota, d. c.",Santa fe de bogotá
150,13,1,884084.0,Cartagena (distrito turistico y cultural de cartagena),Bolivar
151,13,6,18864.0,Achi,Bolivar
152,13,30,9009.0,Altos del rosario,Bolivar
153,13,42,7169.0,Arenal,Bolivar
154,13,52,67100.0,Arjona,Bolivar
155,13,62,8058.0,Arroyohondo,Bolivar
156,13,74,14435.0,Barranco de loba,Bolivar
157,13,140,22202.0,Calamar,Bolivar
158,13,160,6874.0,Cantagallo,Bolivar
159,13,188,13120.0,Cicuco,Bolivar
160,13,212,14992.0,Cordoba,Bolivar
161,13,222,13821.0,Clemencia,Bolivar
162,13,244,67376.0,El carmen de bolivar,Bolivar
163,13,248,7861.0,El guamo,Bolivar
164,13,268,7234.0,El peñon,Bolivar
165,13,300,11770.0,Hatillo de loba,Bolivar
166,13,430,127471.0,Magangue,Bolivar
167,13,433,25772.0,Mahates,Bolivar
168,13,440,9720.0,Margarita,Bolivar
169,13,442,45321.0,Maria la baja,Bolivar
170,13,458,13470.0,Montecristo,Bolivar
171,13,468,43209.0,Mompos,Bolivar
172,13,473,18678.0,Morales,Bolivar
173,13,549,23349.0,Pinillos,Bolivar
174,13,580,5335.0,Regidor,Bolivar
175,13,600,8125.0,Rio viejo,Bolivar
176,13,620,7454.0,San cristobal,Bolivar
177,13,647,16518.0,San estanislao,Bolivar
178,13,650,9776.0,San fernando,Bolivar
179,13,654,23551.0,San jacinto,Bolivar
180,13,655,8079.0,San jacinto del cauca,Bolivar
181,13,657,35412.0,San juan nepomuceno,Bolivar
182,13,667,14501.0,San martin de loba,Bolivar
183,13,670,24520.0,San pablo,Bolivar
184,13,673,14039.0,Santa catalina,Bolivar
185,13,683,18375.0,Santa rosa,Bolivar
186,13,688,27284.0,Santa rosa del sur,Bolivar
187,13,744,15264.0,Simiti,Bolivar
188,13,760,9187.0,Soplaviento,Bolivar
189,13,780,12845.0,Talaigua nuevo,Bolivar
190,13,810,17918.0,Tiquisio (puerto rico),Bolivar
191,13,836,98380.0,Turbaco,Bolivar
192,13,838,15544.0,Turbana,Bolivar
193,13,873,21135.0,Villanueva,Bolivar
194,13,894,11367.0,Zambrano,Bolivar
195,15,1,166850.0,Tunja,Boyaca
196,15,22,1582.0,Almeida,Boyaca
197,15,47,13860.0,Aquitania,Boyaca
198,15,51,5447.0,Arcabuco,Boyaca
199,15,87,7322.0,Belen,Boyaca
200,15,90,1442.0,Berbeo,Boyaca
201,15,92,1895.0,Beteitiva,Boyaca
202,15,97,4932.0,Boavita,Boyaca
203,15,104,4472.0,Boyaca,Boyaca
204,15,106,2043.0,Briceño,Boyaca
205,15,109,4240.0,Buenavista,Boyaca
206,15,114,896.0,Busbanza,Boyaca
207,15,131,3085.0,Caldas,Boyaca
208,15,135,2705.0,Campohermoso,Boyaca
209,15,162,3636.0,Cerinza,Boyaca
210,15,172,2822.0,Chinavita,Boyaca
211,15,176,51414.0,Chiquinquira,Boyaca
212,15,180,3587.0,Chiscas,Boyaca
213,15,183,7735.0,Chita,Boyaca
214,15,185,5013.0,Chitaraque,Boyaca
215,15,187,2783.0,Chivata,Boyaca
216,15,189,4492.0,Cienega,Boyaca
217,15,204,9341.0,Combita,Boyaca
218,15,212,3019.0,Coper,Boyaca
219,15,215,2479.0,Corrales,Boyaca
220,15,218,2594.0,Covarachia,Boyaca
221,15,223,9942.0,Cubara,Boyaca
222,15,224,3375.0,Cucaita,Boyaca
223,15,226,1628.0,Cuitiva,Boyaca
224,15,232,4347.0,Chiquiza,Boyaca
225,15,236,1669.0,Chivor,Boyaca
226,15,238,116737.0,Duitama,Boyaca
227,15,244,3952.0,El cocuy,Boyaca
228,15,248,2597.0,El espino,Boyaca
229,15,272,6523.0,Firavitoba,Boyaca
230,15,276,3184.0,Floresta,Boyaca
231,15,293,2744.0,Gachantiva,Boyaca
232,15,296,4395.0,Gameza,Boyaca
233,15,299,13977.0,Garagoa,Boyaca
234,15,317,1764.0,Guacamayas,Boyaca
235,15,322,8025.0,Guateque,Boyaca
236,15,325,3089.0,Guayata,Boyaca
237,15,332,3920.0,Guican,Boyaca
238,15,362,1944.0,Iza,Boyaca
239,15,367,6308.0,Jenesano,Boyaca
240,15,368,3540.0,Jerico,Boyaca
241,15,377,3075.0,Labranzagrande,Boyaca
242,15,380,2284.0,La capilla,Boyaca
243,15,401,956.0,La victoria,Boyaca
244,15,403,2774.0,La uvita,Boyaca
245,15,407,14267.0,Villa de leiva,Boyaca
246,15,425,3516.0,Macanal,Boyaca
247,15,442,5354.0,Maripi,Boyaca
248,15,455,8199.0,Miraflores,Boyaca
249,15,464,4300.0,Mongua,Boyaca
250,15,466,3895.0,Mongui,Boyaca
251,15,469,20667.0,Moniquira,Boyaca
252,15,476,5226.0,Motavita,Boyaca
253,15,480,7961.0,Muzo,Boyaca
254,15,491,14651.0,Nobsa,Boyaca
255,15,494,5008.0,Nuevo colon,Boyaca
256,15,500,2797.0,Oicata,Boyaca
257,15,507,6989.0,Otanche,Boyaca
258,15,511,2261.0,Pachavita,Boyaca
259,15,514,2925.0,Paez,Boyaca
260,15,516,31097.0,Paipa,Boyaca
261,15,518,1930.0,Pajarito,Boyaca
262,15,522,1619.0,Panqueba,Boyaca
263,15,531,6355.0,Pauna,Boyaca
264,15,533,2061.0,Paya,Boyaca
265,15,537,4040.0,Paz del rio,Boyaca
266,15,542,6604.0,Pesca,Boyaca
267,15,550,1582.0,Pisba,Boyaca
268,15,572,44076.0,Puerto boyaca,Boyaca
269,15,580,4194.0,Quipama,Boyaca
270,15,599,8690.0,Ramiriqui,Boyaca
271,15,600,7302.0,Raquira,Boyaca
272,15,621,2212.0,Rondon,Boyaca
273,15,632,11161.0,Saboya,Boyaca
274,15,638,4823.0,Sachica,Boyaca
275,15,646,17485.0,Samaca,Boyaca
276,15,660,1558.0,San eduardo,Boyaca
277,15,664,4658.0,San jose de pare,Boyaca
278,15,667,4534.0,San luis de gaceno,Boyaca
279,15,673,3307.0,San mateo,Boyaca
280,15,676,2901.0,San miguel de sema,Boyaca
281,15,681,5827.0,San pablo de borbur,Boyaca
282,15,686,6811.0,Santana,Boyaca
283,15,690,3093.0,Santa maria,Boyaca
284,15,693,10849.0,Santa rosa de viterbo,Boyaca
285,15,696,2924.0,Santa sofia,Boyaca
286,15,720,1947.0,Sativanorte,Boyaca
287,15,723,1044.0,Sativasur,Boyaca
288,15,740,6649.0,Siachoque,Boyaca
289,15,753,8456.0,Soata,Boyaca
290,15,755,7122.0,Socota,Boyaca
291,15,757,7497.0,Socha,Boyaca
292,15,759,119503.0,Sogamoso,Boyaca
293,15,761,2364.0,Somondoco,Boyaca
294,15,762,2586.0,Sora,Boyaca
295,15,763,7953.0,Sotaquira,Boyaca
296,15,764,5858.0,Soraca,Boyaca
297,15,774,2555.0,Susacon,Boyaca
298,15,776,5755.0,Sutamarchan,Boyaca
299,15,778,3481.0,Sutatenza,Boyaca
300,15,790,5140.0,Tasco,Boyaca
301,15,798,3426.0,Tenza,Boyaca
302,15,804,7945.0,Tibana,Boyaca
303,15,806,11019.0,Tibasosa,Boyaca
304,15,808,2869.0,Tinjaca,Boyaca
305,15,810,3154.0,Tipacoque,Boyaca
306,15,814,8707.0,Toca,Boyaca
307,15,816,4224.0,Togui,Boyaca
308,15,820,3531.0,Topaga,Boyaca
309,15,822,4530.0,Tota,Boyaca
310,15,832,1526.0,Tunungua,Boyaca
311,15,835,5835.0,Turmeque,Boyaca
312,15,837,8143.0,Tuta,Boyaca
313,15,839,1794.0,Tutasa,Boyaca
314,15,842,6905.0,Umbita,Boyaca
315,15,861,13974.0,Ventaquemada,Boyaca
316,15,879,2582.0,Viracacha,Boyaca
317,15,897,4272.0,Zetaquira,Boyaca
318,17,1,395818.0,Manizales,Caldas
319,17,13,20525.0,Aguadas,Caldas
320,17,42,31438.0,Anserma,Caldas
321,17,50,9854.0,Aranzazu,Caldas
322,17,88,9661.0,Belalcazar,Caldas
323,17,174,48298.0,Chinchina,Caldas
324,17,272,9613.0,Filadelfia,Caldas
325,17,380,69086.0,La dorada,Caldas
326,17,388,5324.0,La merced,Caldas
327,17,433,16502.0,Manzanares,Caldas
328,17,442,8485.0,Marmato,Caldas
329,17,444,12079.0,Marquetalia,Caldas
330,17,446,2081.0,Marulanda,Caldas
331,17,486,20355.0,Neira,Caldas
332,17,495,5946.0,Norcasia,Caldas
333,17,513,13074.0,Pacora,Caldas
334,17,524,13490.0,Palestina,Caldas
335,17,541,17107.0,Pensilvania,Caldas
336,17,614,48012.0,Riosucio,Caldas
337,17,616,9840.0,Risaralda,Caldas
338,17,653,16441.0,Salamina,Caldas
339,17,662,17424.0,Samana,Caldas
340,17,665,4516.0,San jose,Caldas
341,17,777,26571.0,Supia,Caldas
342,17,867,8148.0,Victoria,Caldas
343,17,873,62671.0,Villamaria,Caldas
344,17,877,12425.0,Viterbo,Caldas
345,18,1,152474.0,Florencia,Caqueta
346,18,29,4363.0,Albania,Caqueta
347,18,94,8729.0,Belen de los andaquies,Caqueta
348,18,150,27267.0,Cartagena del chaira,Caqueta
349,18,205,7379.0,Curillo,Caqueta
350,18,247,17572.0,El doncello,Caqueta
351,18,256,12822.0,El paujil,Caqueta
352,18,410,11524.0,La montañita,Caqueta
353,18,460,6980.0,Milan,Caqueta
354,18,479,3350.0,Morelia,Caqueta
355,18,592,23616.0,Puerto rico,Caqueta
356,18,610,10965.0,San jose de fragua,Caqueta
357,18,753,40794.0,San  vicente del caguan,Caqueta
358,18,756,9587.0,Solano,Caqueta
359,18,785,5242.0,Solita,Caqueta
360,18,860,5678.0,Valparaiso,Caqueta
361,19,1,272901.0,Popayan,Cauca
362,19,22,16523.0,Almaguer,Cauca
363,19,50,19925.0,Argelia,Cauca
364,19,75,18904.0,Balboa,Cauca
365,19,100,35625.0,Bolivar,Cauca
366,19,110,25236.0,Buenos aires,Cauca
367,19,130,32235.0,Cajibio,Cauca
368,19,137,35886.0,Caldono,Cauca
369,19,142,25264.0,Caloto,Cauca
370,19,212,21633.0,Corinto,Cauca
371,19,256,38509.0,El tambo,Cauca
372,19,290,5089.0,Florencia,Cauca
373,19,318,23775.0,Guapi,Cauca
374,19,355,26490.0,Inza,Cauca
375,19,364,16353.0,Jambalo,Cauca
376,19,392,9935.0,La sierra,Cauca
377,19,397,19777.0,La vega,Cauca
378,19,418,15117.0,Lopez (micay),Cauca
379,19,450,14806.0,Mercaderes,Cauca
380,19,455,28540.0,Miranda,Cauca
381,19,473,29737.0,Morales,Cauca
382,19,513,8763.0,Padilla,Cauca
383,19,517,37599.0,Paez (belalcazar),Cauca
384,19,532,28361.0,Patia (el bordo),Cauca
385,19,533,7124.0,Piamonte,Cauca
386,19,548,33346.0,Piendamo,Cauca
387,19,573,40020.0,Puerto tejada,Cauca
388,19,585,14925.0,Purace (coconuco),Cauca
389,19,622,9336.0,Rosas,Cauca
390,19,693,9769.0,San sebastian,Cauca
391,19,698,95348.0,Santander de quilichao,Cauca
392,19,701,4975.0,Santa rosa,Cauca
393,19,743,33380.0,Silvia,Cauca
394,19,760,11921.0,Sotara (paispamba),Cauca
395,19,780,19624.0,Suarez,Cauca
396,19,807,32170.0,Timbio,Cauca
397,19,809,21614.0,Timbiqui,Cauca
398,19,821,30654.0,Toribio,Cauca
399,19,824,20870.0,Totoro,Cauca
400,19,845,18761.0,Villarica,Cauca
401,20,1,455636.0,Valledupar,Cesar
402,20,11,95548.0,Aguachica,Cesar
403,20,13,58475.0,Agustin codazzi,Cesar
404,20,32,18434.0,Astrea,Cesar
405,20,45,20474.0,Becerril,Cesar
406,20,60,37499.0,Bosconia,Cesar
407,20,175,30272.0,Chimichagua,Cesar
408,20,178,26976.0,Chiriguana,Cesar
409,20,228,34833.0,Curumani,Cesar
410,20,238,28550.0,El copey,Cesar
411,20,250,34620.0,El paso,Cesar
412,20,295,12444.0,Gamarra,Cesar
413,20,310,4034.0,Gonzalez,Cesar
414,20,383,14779.0,La gloria,Cesar
415,20,400,37106.0,La jagua ibirico,Cesar
416,20,443,9302.0,Manaure (balcon del cesar),Cesar
417,20,517,16800.0,Pailitas,Cesar
418,20,550,18487.0,Pelaya,Cesar
419,20,570,22763.0,Pueblo bello,Cesar
420,20,614,14408.0,Rio de oro,Cesar
421,20,621,26105.0,La paz (robles),Cesar
422,20,710,22993.0,San alberto,Cesar
423,20,750,18530.0,San diego,Cesar
424,20,770,20452.0,San martin,Cesar
425,20,787,14063.0,Tamalameque,Cesar
426,23,1,431279.0,Monteria,Cordova
427,23,68,38816.0,Ayapel,Cordova
428,23,79,18344.0,Buenavista,Cordova
429,23,90,14831.0,Canalete,Cordova
430,23,162,96165.0,Cerete,Cordova
431,23,168,13492.0,Chima,Cordova
432,23,182,42676.0,Chinu,Cordova
433,23,189,56278.0,Cienaga de oro,Cordova
434,23,300,16215.0,Cotorra,Cordova
435,23,350,13733.0,La apartada,Cordova
436,23,417,98436.0,Lorica,Cordova
437,23,419,15886.0,Los cordobas,Cordova
438,23,464,16264.0,Momil,Cordova
439,23,466,71772.0,Montelibano,Cordova
440,23,500,25095.0,Moñitos,Cordova
441,23,555,60245.0,Planeta rica,Cordova
442,23,570,26968.0,Pueblo nuevo,Cordova
443,23,574,19474.0,Puerto escondido,Cordova
444,23,580,35303.0,Puerto libertador,Cordova
445,23,586,14702.0,Purisima,Cordova
446,23,660,94010.0,Sahagun,Cordova
447,23,670,42041.0,San andres sotavento,Cordova
448,23,672,29028.0,San antero,Cordova
449,23,675,29437.0,San bernardo del viento,Cordova
450,23,678,23532.0,San carlos,Cordova
451,23,686,40614.0,San pelayo,Cordova
452,23,807,85813.0,Tierralta,Cordova
453,23,855,30532.0,Valencia,Cordova
454,25,1,10421.0,Agua de dios,Cundinamarca
455,25,19,5920.0,Alban,Cundinamarca
456,25,35,12130.0,Anapoima,Cundinamarca
457,25,40,12120.0,Anolaima,Cundinamarca
458,25,53,9613.0,Arbelaez,Cundinamarca
459,25,86,1719.0,Beltran,Cundinamarca
460,25,95,2223.0,Bituima,Cundinamarca
461,25,99,9653.0,Bojaca,Cundinamarca
462,25,120,4270.0,Cabrera,Cundinamarca
463,25,123,9267.0,Cachipay,Cundinamarca
464,25,126,80534.0,Cajica,Cundinamarca
465,25,148,10266.0,Caparrapi,Cundinamarca
466,25,151,15435.0,Caqueza,Cundinamarca
467,25,154,7325.0,Carmen de carupa,Cundinamarca
468,25,168,3323.0,Chaguani,Cundinamarca
469,25,175,128753.0,Chia,Cundinamarca
470,25,178,8624.0,Chipaque,Cundinamarca
471,25,181,10366.0,Choachi,Cundinamarca
472,25,183,19611.0,Choconta,Cundinamarca
473,25,200,20801.0,Cogua,Cundinamarca
474,25,214,31364.0,Cota,Cundinamarca
475,25,224,7002.0,Cucunuba,Cundinamarca
476,25,245,22529.0,El colegio,Cundinamarca
477,25,258,3458.0,El peñon,Cundinamarca
478,25,260,21873.0,El rosal,Cundinamarca
479,25,269,134881.0,Facatativa,Cundinamarca
480,25,279,10749.0,Fomeque,Cundinamarca
481,25,281,5561.0,Fosca,Cundinamarca
482,25,286,90670.0,Funza,Cundinamarca
483,25,288,4848.0,Fuquene,Cundinamarca
484,25,290,131661.0,Fusagasuga,Cundinamarca
485,25,293,4343.0,Gachala,Cundinamarca
486,25,295,16601.0,Gachancipa,Cundinamarca
487,25,297,8065.0,Gacheta,Cundinamarca
488,25,299,3032.0,Gama,Cundinamarca
489,25,307,91545.0,Girardot,Cundinamarca
490,25,312,6899.0,Granada,Cundinamarca
491,25,317,12403.0,Guacheta,Cundinamarca
492,25,320,24514.0,Guaduas,Cundinamarca
493,25,322,14954.0,Guasca,Cundinamarca
494,25,324,1974.0,Guataqui,Cundinamarca
495,25,326,6145.0,Guatavita,Cundinamarca
496,25,328,3604.0,Guayabal de siquima,Cundinamarca
497,25,335,5809.0,Guayabetal,Cundinamarca
498,25,339,3311.0,Gutierrez,Cundinamarca
499,25,368,2024.0,Jerusalen,Cundinamarca
500,25,372,5197.0,Junin,Cundinamarca
501,25,377,28405.0,La calera,Cundinamarca
502,25,386,28962.0,La mesa,Cundinamarca
503,25,394,7708.0,La palma,Cundinamarca
504,25,398,5406.0,La peña,Cundinamarca
505,25,402,13054.0,La vega,Cundinamarca
506,25,407,9414.0,Lenguazaque,Cundinamarca
507,25,426,6022.0,Macheta,Cundinamarca
508,25,430,108885.0,Madrid,Cundinamarca
509,25,436,3328.0,Manta,Cundinamarca
510,25,438,7269.0,Medina,Cundinamarca
511,25,473,128880.0,Mosquera,Cundinamarca
512,25,483,2100.0,Nariño,Cundinamarca
513,25,486,12198.0,Nemocon,Cundinamarca
514,25,488,6960.0,Nilo,Cundinamarca
515,25,489,3059.0,Nimaima,Cundinamarca
516,25,491,5194.0,Nocaima,Cundinamarca
517,25,506,4106.0,Venecia (ospina perez),Cundinamarca
518,25,513,23647.0,Pacho,Cundinamarca
519,25,518,3854.0,Paime,Cundinamarca
520,25,524,4734.0,Pandi,Cundinamarca
521,25,530,8001.0,Paratebueno,Cundinamarca
522,25,535,8686.0,Pasca,Cundinamarca
523,25,572,14691.0,Puerto salgar,Cundinamarca
524,25,580,2524.0,Puli,Cundinamarca
525,25,592,4447.0,Quebradanegra,Cundinamarca
526,25,594,4928.0,Quetame,Cundinamarca
527,25,596,6110.0,Quipile,Cundinamarca
528,25,599,7530.0,Apulo (rafael reyes),Cundinamarca
529,25,612,10787.0,Ricaurte,Cundinamarca
530,25,645,10202.0,San  antonio del tequendama,Cundinamarca
531,25,649,7404.0,San bernardo,Cundinamarca
532,25,653,4043.0,San cayetano,Cundinamarca
533,25,658,9376.0,San francisco,Cundinamarca
534,25,662,7494.0,San juan de rioseco,Cundinamarca
535,25,718,9299.0,Sasaima,Cundinamarca
536,25,736,11048.0,Sesquile,Cundinamarca
537,25,740,31511.0,Sibate,Cundinamarca
538,25,743,20548.0,Silvania,Cundinamarca
539,25,745,11489.0,Simijaca,Cundinamarca
540,25,754,644768.0,Soacha,Cundinamarca
541,25,758,24779.0,Sopo,Cundinamarca
542,25,769,14860.0,Subachoque,Cundinamarca
543,25,772,15395.0,Suesca,Cundinamarca
544,25,777,4726.0,Supata,Cundinamarca
545,25,779,6073.0,Susa,Cundinamarca
546,25,781,5258.0,Sutatausa,Cundinamarca
547,25,785,20565.0,Tabio,Cundinamarca
548,25,793,6694.0,Tausa,Cundinamarca
549,25,797,8062.0,Tena,Cundinamarca
550,25,799,20368.0,Tenjo,Cundinamarca
551,25,805,3943.0,Tibacuy,Cundinamarca
552,25,807,2435.0,Tibirita,Cundinamarca
553,25,815,13445.0,Tocaima,Cundinamarca
554,25,817,39357.0,Tocancipa,Cundinamarca
555,25,823,3523.0,Topaipi,Cundinamarca
556,25,839,7202.0,Ubala,Cundinamarca
557,25,841,6390.0,Ubaque,Cundinamarca
558,25,843,39717.0,Ubate,Cundinamarca
559,25,845,6901.0,Une,Cundinamarca
560,25,851,4019.0,Utica,Cundinamarca
561,25,862,6036.0,Vergara,Cundinamarca
562,25,867,3806.0,Viani,Cundinamarca
563,25,871,1695.0,Villagomez,Cundinamarca
564,25,873,15814.0,Villapinzon,Cundinamarca
565,25,875,25669.0,Villeta,Cundinamarca
566,25,878,12538.0,Viota,Cundinamarca
567,25,885,10887.0,Yacopi,Cundinamarca
568,25,898,4211.0,Zipacon,Cundinamarca
569,25,899,128968.0,Zipaquira,Cundinamarca
570,27,1,119481.0,Quibdo (san francisco de quibdo),Choco
571,27,6,12095.0,Acandi,Choco
572,27,25,23954.0,Alto baudo (pie de pato),Choco
573,27,50,5494.0,Atrato,Choco
574,27,73,10553.0,Bagado,Choco
575,27,75,9135.0,Bahia solano (mutis),Choco
576,27,77,18451.0,Bajo baudo (pizarro),Choco
577,27,99,11930.0,Bojaya (bellavista),Choco
578,27,135,5660.0,Canton de san pablo (managru),Choco
579,27,205,12232.0,Condoto,Choco
580,27,245,7898.0,El carmen de atrato,Choco
581,27,250,11579.0,Litoral del bajo san juan (santa genoveva de docordo),Choco
582,27,361,27349.0,Istmina,Choco
583,27,372,4108.0,Jurado,Choco
584,27,413,8928.0,Lloro,Choco
585,27,425,10140.0,Medio atrato,Choco
586,27,430,13423.0,Medio baudo,Choco
587,27,491,8164.0,Novita,Choco
588,27,495,3456.0,Nuqui,Choco
589,27,600,7974.0,Rioquito,Choco
590,27,615,47901.0,Riosucio,Choco
591,27,660,4721.0,San jose del palmar,Choco
592,27,745,2768.0,Sipi,Choco
593,27,787,16945.0,Tado,Choco
594,27,800,12192.0,Unguia,Choco
595,27,810,6458.0,Union panamericana,Choco
596,41,1,313310.0,Neiva,Huila
597,41,6,24562.0,Acevedo,Huila
598,41,13,8578.0,Agrado,Huila
599,41,16,14634.0,Aipe,Huila
600,41,20,20015.0,Algeciras,Huila
601,41,26,3810.0,Altamira,Huila
602,41,78,6397.0,Baraya,Huila
603,41,132,30082.0,Campoalegre,Huila
604,41,206,6965.0,Colombia,Huila
605,41,244,3733.0,Elias,Huila
606,41,298,65319.0,Garzon,Huila
607,41,306,22622.0,Gigante,Huila
608,41,319,15875.0,Guadalupe,Huila
609,41,349,6686.0,Hobo,Huila
610,41,357,9044.0,Iquira,Huila
611,41,359,24571.0,Isnos (san jose de isnos),Huila
612,41,378,12475.0,La argentina,Huila
613,41,396,53967.0,La plata,Huila
614,41,483,6157.0,Nataga,Huila
615,41,503,11111.0,Oporapa,Huila
616,41,518,6403.0,Paicol,Huila
617,41,524,24146.0,Palermo,Huila
618,41,530,10454.0,Palestina,Huila
619,41,548,12222.0,Pital,Huila
620,41,551,118991.0,Pitalito,Huila
621,41,615,21065.0,Rivera,Huila
622,41,660,10065.0,Saladoblanco,Huila
623,41,668,32380.0,San agustin,Huila
624,41,676,10215.0,Santa maria,Huila
625,41,770,17362.0,Suaza,Huila
626,41,791,16108.0,Tarqui,Huila
627,41,797,9767.0,Tesalia,Huila
628,41,799,10215.0,Tello,Huila
629,41,801,7350.0,Teruel,Huila
630,41,807,20894.0,Timana,Huila
631,41,872,6943.0,Villavieja,Huila
632,41,885,7361.0,Yaguara,Huila
633,44,1,176830.0,Riohacha,La guajira
634,44,78,28547.0,Barrancas,La guajira
635,44,90,35599.0,Dibulla,La guajira
636,44,98,11635.0,Distraccion,La guajira
637,44,110,6963.0,El molino,La guajira
638,44,279,40837.0,Fonseca,La guajira
639,44,378,17672.0,Hatonuevo,La guajira
640,44,420,2952.0,La jagua del pilar,La guajira
641,44,430,159081.0,Maicao,La guajira
642,44,560,73152.0,Manaure,La guajira
643,44,650,45755.0,San juan del cesar,La guajira
644,44,847,158166.0,Uribia,La guajira
645,44,855,10187.0,Urumita,La guajira
646,44,874,24966.0,Villanueva,La guajira
647,47,1,477257.0,"Santa marta (distrito turistico, cultural e historicode santa marta)",Magdalena
648,47,30,14294.0,Algarrobo,Magdalena
649,47,53,37440.0,Aracataca,Magdalena
650,47,58,28284.0,Ariguani (el dificil),Magdalena
651,47,161,9225.0,Cerro san antonio,Magdalena
652,47,170,18208.0,Chivolo,Magdalena
653,47,189,118259.0,Cienaga,Magdalena
654,47,205,9681.0,Concordia,Magdalena
655,47,245,59360.0,El banco,Magdalena
656,47,258,17308.0,El piñon,Magdalena
657,47,268,19345.0,El reten,Magdalena
658,47,288,64818.0,Fundacion,Magdalena
659,47,318,25308.0,Guamal,Magdalena
660,47,541,7569.0,Pedraza,Magdalena
661,47,545,11071.0,Pijiño del carmen (pijiño),Magdalena
662,47,551,34372.0,Pivijay,Magdalena
663,47,555,56153.0,Plato,Magdalena
664,47,570,26419.0,Puebloviejo,Magdalena
665,47,605,9555.0,Remolino,Magdalena
666,47,660,14047.0,Sabanas de san angel,Magdalena
667,47,675,9360.0,Salamina,Magdalena
668,47,692,18865.0,San sebastian de buenavista,Magdalena
669,47,703,11277.0,San zenon,Magdalena
670,47,707,22705.0,Santa ana,Magdalena
671,47,745,25804.0,Sitionuevo,Magdalena
672,47,798,12364.0,Tenerife,Magdalena
673,50,1,446537.0,Villavicencio,Meta
674,50,6,73925.0,Acacias,Meta
675,50,110,5835.0,Barranca de upia,Meta
676,50,124,5076.0,Cabuyaro,Meta
677,50,150,13516.0,Castilla la nueva,Meta
678,50,223,6276.0,San luis de cubarral,Meta
679,50,226,21156.0,Cumaral,Meta
680,50,245,1387.0,El calvario,Meta
681,50,251,7253.0,El castillo,Meta
682,50,270,3602.0,El dorado,Meta
683,50,287,11536.0,Fuente de oro,Meta
684,50,313,63959.0,Granada,Meta
685,50,318,13839.0,Guamal,Meta
686,50,325,5766.0,Mapiripan,Meta
687,50,330,9629.0,Mesetas,Meta
688,50,350,23113.0,La macarena,Meta
689,50,370,7767.0,La uribe,Meta
690,50,400,10480.0,Lejanias,Meta
691,50,450,7873.0,Puerto concordia,Meta
692,50,568,39414.0,Puerto gaitan,Meta
693,50,573,27969.0,Puerto lopez,Meta
694,50,577,8692.0,Puerto lleras,Meta
695,50,590,11033.0,Puerto rico,Meta
696,50,606,17286.0,Restrepo,Meta
697,50,680,11343.0,San carlos de guaroa,Meta
698,50,683,7884.0,San  juan de arama,Meta
699,50,686,1106.0,San juanito,Meta
700,50,689,21719.0,San martin,Meta
701,50,711,16249.0,Vistahermosa,Meta
702,52,1,349352.0,Pasto (san juan de pasto),Nariño
703,52,19,8191.0,Alban (san jose),Nariño
704,52,22,6872.0,Aldana,Nariño
705,52,36,7481.0,Ancuya,Nariño
706,52,51,7626.0,Arboleda (berruecos),Nariño
707,52,79,33804.0,Barbacoas,Nariño
708,52,83,5961.0,Belen,Nariño
709,52,110,19934.0,Buesaco,Nariño
710,52,203,7764.0,Colon (genova),Nariño
711,52,207,10098.0,Consaca,Nariño
712,52,210,6421.0,Contadero,Nariño
713,52,215,14827.0,Cordoba,Nariño
714,52,224,8975.0,Cuaspud (carlosama),Nariño
715,52,227,32672.0,Cumbal,Nariño
716,52,233,5095.0,Cumbitara,Nariño
717,52,240,12357.0,Chachagui,Nariño
718,52,250,21071.0,El charco,Nariño
719,52,254,6195.0,El peñol,Nariño
720,52,256,6498.0,El rosario,Nariño
721,52,258,13235.0,El tablon,Nariño
722,52,260,12452.0,El tambo,Nariño
723,52,287,6182.0,Funes,Nariño
724,52,317,18845.0,Guachucal,Nariño
725,52,320,10774.0,Guaitarilla,Nariño
726,52,323,6290.0,Gualmatan,Nariño
727,52,352,7112.0,Iles,Nariño
728,52,354,6351.0,Imues,Nariño
729,52,356,104513.0,Ipiales,Nariño
730,52,378,16661.0,La cruz,Nariño
731,52,381,9047.0,La florida,Nariño
732,52,385,5321.0,La llanada,Nariño
733,52,390,5847.0,La tola,Nariño
734,52,399,28517.0,La union,Nariño
735,52,405,8201.0,Leiva,Nariño
736,52,411,8949.0,Linares,Nariño
737,52,418,8683.0,Los andes (sotomayor),Nariño
738,52,427,18255.0,Magui (payan),Nariño
739,52,435,7972.0,Mallama (piedrancha),Nariño
740,52,473,10202.0,Mosquera,Nariño
741,52,490,21356.0,Olaya herrera (bocas de satinga),Nariño
742,52,506,6488.0,Ospina,Nariño
743,52,520,7430.0,Francisco pizarro (salahonda),Nariño
744,52,540,8149.0,Policarpa,Nariño
745,52,560,10179.0,Potosi,Nariño
746,52,565,4619.0,Providencia,Nariño
747,52,573,8429.0,Puerres,Nariño
748,52,585,16431.0,Pupiales,Nariño
749,52,612,18067.0,Ricaurte,Nariño
750,52,621,10473.0,Roberto payan (san jose),Nariño
751,52,678,23697.0,Samaniego,Nariño
752,52,683,18837.0,Sandona,Nariño
753,52,685,8874.0,San bernardo,Nariño
754,52,687,16626.0,San lorenzo,Nariño
755,52,693,12905.0,San pablo,Nariño
756,52,694,6572.0,San pedro de cartago,Nariño
757,52,696,8989.0,Santa barbara (iscuande),Nariño
758,52,699,9869.0,Santa cruz (guachaves),Nariño
759,52,720,6894.0,Sapuyes,Nariño
760,52,786,15412.0,Taminango,Nariño
761,52,788,10331.0,Tangua,Nariño
762,52,835,134862.0,Tumaco,Nariño
763,52,838,41909.0,Tuquerres,Nariño
764,52,885,10579.0,Yacuanquer,Nariño
765,54,1,624729.0,Cucuta,Norte de santander
766,54,3,30118.0,Abrego,Norte de santander
767,54,51,8102.0,Arboledas,Norte de santander
768,54,99,6867.0,Bochalema,Norte de santander
769,54,109,4698.0,Bucarasica,Norte de santander
770,54,125,2723.0,Cacota,Norte de santander
771,54,128,8642.0,Cachira,Norte de santander
772,54,172,15956.0,Chinacota,Norte de santander
773,54,174,10554.0,Chitaga,Norte de santander
774,54,206,17879.0,Convencion,Norte de santander
775,54,223,7648.0,Cucutilla,Norte de santander
776,54,239,4367.0,Durania,Norte de santander
777,54,245,11959.0,El carmen,Norte de santander
778,54,250,18986.0,El tarra,Norte de santander
779,54,261,25999.0,El zulia,Norte de santander
780,54,313,5915.0,Gramalote,Norte de santander
781,54,344,9622.0,Hacari,Norte de santander
782,54,347,4689.0,Herran,Norte de santander
783,54,377,5538.0,Labateca,Norte de santander
784,54,385,11040.0,La esperanza,Norte de santander
785,54,398,7146.0,La playa,Norte de santander
786,54,405,81112.0,Los patios,Norte de santander
787,54,418,3602.0,Lourdes,Norte de santander
788,54,480,3891.0,Mutiscua,Norte de santander
789,54,498,110671.0,Ocaña,Norte de santander
790,54,518,44805.0,Pamplona,Norte de santander
791,54,520,4929.0,Pamplonita,Norte de santander
792,54,553,8139.0,Puerto santander,Norte de santander
793,54,599,5381.0,Ragonvalia,Norte de santander
794,54,660,8724.0,Salazar,Norte de santander
795,54,670,9915.0,San calixto,Norte de santander
796,54,673,6677.0,San cayetano,Norte de santander
797,54,680,3079.0,Santiago,Norte de santander
798,54,720,21159.0,Sardinata,Norte de santander
799,54,743,5713.0,Silos,Norte de santander
800,54,800,12710.0,Teorama,Norte de santander
801,54,810,51144.0,Tibu,Norte de santander
802,54,820,14763.0,Toledo,Norte de santander
803,54,871,4602.0,Villacaro,Norte de santander
804,54,874,93550.0,Villa del rosario,Norte de santander
805,63,1,273769.0,Armenia,Quindio
806,63,111,2681.0,Buenavista,Quindio
807,63,130,69366.0,Calarca,Quindio
808,63,190,27090.0,Circasia,Quindio
809,63,212,5516.0,Cordoba,Quindio
810,63,272,11183.0,Filandia,Quindio
811,63,302,7050.0,Genova,Quindio
812,63,401,32491.0,La tebaida,Quindio
813,63,470,35138.0,Montenegro,Quindio
814,63,548,4854.0,Pijao,Quindio
815,63,594,28983.0,Quimbaya,Quindio
816,63,690,7490.0,Salento,Quindio
817,66,1,406722.0,Pereira,Risaralda
818,66,45,10662.0,Apia,Risaralda
819,66,75,4976.0,Balboa,Risaralda
820,66,88,21398.0,Belen de umbria,Risaralda
821,66,170,194229.0,Dos quebradas,Risaralda
822,66,318,11516.0,Guatica,Risaralda
823,66,383,6154.0,La celia,Risaralda
824,66,400,25829.0,La virginia,Risaralda
825,66,440,15422.0,Marsella,Risaralda
826,66,456,15921.0,Mistrato,Risaralda
827,66,572,14429.0,Pueblo rico,Risaralda
828,66,594,25182.0,Quinchia,Risaralda
829,66,682,70586.0,Santa rosa de cabal,Risaralda
830,66,687,11734.0,Santuario,Risaralda
831,68,1,523426.0,Bucaramanga,Santander
832,68,13,1649.0,Aguada,Santander
833,68,20,3307.0,Albania,Santander
834,68,51,7861.0,Aratoca,Santander
835,68,77,28739.0,Barbosa,Santander
836,68,79,7571.0,Barichara,Santander
837,68,81,197974.0,Barrancabermeja,Santander
838,68,92,5185.0,Betulia,Santander
839,68,101,9437.0,Bolivar,Santander
840,68,121,1605.0,Cabrera,Santander
841,68,132,1784.0,California,Santander
842,68,147,5276.0,Capitanejo,Santander
843,68,152,4130.0,Carcasi,Santander
844,68,160,1869.0,Cepita,Santander
845,68,162,6460.0,Cerrito,Santander
846,68,167,10934.0,Charala,Santander
847,68,169,2814.0,Charta,Santander
848,68,176,2364.0,Chima,Santander
849,68,179,4336.0,Chipata,Santander
850,68,190,24843.0,Cimitarra,Santander
851,68,207,5300.0,Concepcion,Santander
852,68,209,2902.0,Confines,Santander
853,68,211,3179.0,Contratacion,Santander
854,68,217,4775.0,Coromoro,Santander
855,68,229,11600.0,Curiti,Santander
856,68,235,17567.0,El carmen de chucury,Santander
857,68,245,1642.0,El guacamayo,Santander
858,68,250,4095.0,El peñon,Santander
859,68,255,12840.0,El playon,Santander
860,68,264,2328.0,Encino,Santander
861,68,266,3382.0,Enciso,Santander
862,68,271,4596.0,Florian,Santander
863,68,276,274607.0,Floridablanca,Santander
864,68,296,2666.0,Galan,Santander
865,68,298,3508.0,Gambita,Santander
866,68,307,148741.0,Giron,Santander
867,68,318,5742.0,Guaca,Santander
868,68,320,3818.0,Guadalupe,Santander
869,68,322,2052.0,Guapota,Santander
870,68,324,3748.0,Guavata,Santander
871,68,327,4402.0,Guepsa,Santander
872,68,344,2120.0,Hato,Santander
873,68,368,2987.0,Jesus maria,Santander
874,68,370,1163.0,Jordan,Santander
875,68,377,5500.0,La belleza,Santander
876,68,385,9231.0,Landazuri,Santander
877,68,397,3986.0,La paz,Santander
878,68,406,37170.0,Lebrija,Santander
879,68,418,12403.0,Los santos,Santander
880,68,425,2130.0,Macaravita,Santander
881,68,432,19567.0,Malaga,Santander
882,68,444,4470.0,Matanza,Santander
883,68,464,10113.0,Mogotes,Santander
884,68,468,3915.0,Molagavita,Santander
885,68,498,4537.0,Ocamonte,Santander
886,68,500,10117.0,Oiba,Santander
887,68,502,3928.0,Onzaga,Santander
888,68,522,1244.0,Palmar,Santander
889,68,524,2432.0,Palmas del socorro,Santander
890,68,533,4144.0,Paramo,Santander
891,68,547,156660.0,Piedecuesta,Santander
892,68,549,4457.0,Pinchote,Santander
893,68,572,12451.0,Puente nacional,Santander
894,68,573,6861.0,Puerto parra,Santander
895,68,575,31698.0,Puerto wilches,Santander
896,68,615,25233.0,Rionegro,Santander
897,68,655,27718.0,Sabana de torres,Santander
898,68,669,7985.0,San andres,Santander
899,68,673,2705.0,San benito,Santander
900,68,679,54066.0,San gil,Santander
901,68,682,2167.0,San joaquin,Santander
902,68,684,4132.0,San jose de miranda,Santander
903,68,686,2433.0,San miguel,Santander
904,68,689,28760.0,San vicente de chucuri,Santander
905,68,705,2239.0,Santa barbara,Santander
906,68,720,3160.0,Santa helena del opon,Santander
907,68,745,7759.0,Simacota,Santander
908,68,755,28975.0,Socorro,Santander
909,68,770,8739.0,Suaita,Santander
910,68,773,6038.0,Sucre,Santander
911,68,780,3520.0,Surata,Santander
912,68,820,6680.0,Tona,Santander
913,68,855,5648.0,Valle san jose,Santander
914,68,861,18382.0,Velez,Santander
915,68,867,1762.0,Vetas,Santander
916,68,872,6725.0,Villanueva,Santander
917,68,895,8865.0,Zapatoca,Santander
918,70,1,273225.0,Sincelejo,Sucre
919,70,110,10005.0,Buenavista,Sucre
920,70,124,13331.0,Caimito,Sucre
921,70,204,7803.0,Coloso (ricaurte),Sucre
922,70,215,65848.0,Corozal,Sucre
923,70,230,4425.0,Chalan,Sucre
924,70,235,20239.0,Galeras (nueva granada),Sucre
925,70,265,15618.0,Guaranda,Sucre
926,70,400,11510.0,La union,Sucre
927,70,418,21831.0,Los palmitos,Sucre
928,70,429,32622.0,Majagual,Sucre
929,70,473,14789.0,Morroa,Sucre
930,70,508,22384.0,Ovejas,Sucre
931,70,523,12534.0,Palmito,Sucre
932,70,670,44617.0,Sampues,Sucre
933,70,678,25511.0,San benito abad,Sucre
934,70,702,13435.0,San juan de betulia,Sucre
935,70,708,53315.0,San marcos,Sucre
936,70,713,47952.0,San onofre,Sucre
937,70,717,18010.0,San pedro,Sucre
938,70,742,30188.0,Since,Sucre
939,70,771,23971.0,Sucre,Sucre
940,70,820,32012.0,Tolu,Sucre
941,70,823,20033.0,Toluviejo,Sucre
942,73,1,494059.0,Ibague,Tolima
943,73,24,4072.0,Alpujarra,Tolima
944,73,26,6712.0,Alvarado,Tolima
945,73,30,6524.0,Ambalema,Tolima
946,73,43,7591.0,Anzoategui,Tolima
947,73,55,11326.0,Armero (guayabal),Tolima
948,73,67,18218.0,Ataco,Tolima
949,73,124,17260.0,Cajamarca,Tolima
950,73,148,9614.0,Carmen apicala,Tolima
951,73,152,5496.0,Casabianca,Tolima
952,73,168,43221.0,Chaparral,Tolima
953,73,200,7495.0,Coello,Tolima
954,73,217,18999.0,Coyaima,Tolima
955,73,226,7762.0,Cunday,Tolima
956,73,236,7262.0,Dolores,Tolima
957,73,268,67174.0,Espinal,Tolima
958,73,270,6612.0,Falan,Tolima
959,73,275,27309.0,Flandes,Tolima
960,73,283,28776.0,Fresno,Tolima
961,73,319,30364.0,Guamo,Tolima
962,73,347,6361.0,Herveo,Tolima
963,73,349,22753.0,Honda,Tolima
964,73,352,9979.0,Icononzo,Tolima
965,73,408,16971.0,Lerida,Tolima
966,73,411,32886.0,Libano,Tolima
967,73,443,34398.0,Mariquita,Tolima
968,73,449,33773.0,Melgar,Tolima
969,73,461,3348.0,Murillo,Tolima
970,73,483,14274.0,Natagaima,Tolima
971,73,504,29662.0,Ortega,Tolima
972,73,520,9188.0,Palocabildo,Tolima
973,73,547,5518.0,Piedras,Tolima
974,73,555,21503.0,Planadas,Tolima
975,73,563,7893.0,Prado,Tolima
976,73,585,22461.0,Purificacion,Tolima
977,73,616,19065.0,Rioblanco,Tolima
978,73,622,5093.0,Roncesvalles,Tolima
979,73,624,20220.0,Rovira,Tolima
980,73,671,14078.0,Saldaña,Tolima
981,73,675,11478.0,San antonio,Tolima
982,73,678,12139.0,San luis,Tolima
983,73,686,5026.0,Santa isabel,Tolima
984,73,770,3446.0,Suarez,Tolima
985,73,854,4502.0,Valle de san juan,Tolima
986,73,861,12114.0,Venadillo,Tolima
987,73,870,8520.0,Villahermosa,Tolima
988,73,873,5005.0,Villarrica,Tolima
989,76,1,1811385.0,Cali (santiago de cali),Valle
990,76,20,12165.0,Alcala,Valle
991,76,36,18117.0,Andalucia,Valle
992,76,41,15651.0,Ansermanuevo,Valle
993,76,54,5008.0,Argelia,Valle
994,76,100,13899.0,Bolivar,Valle
995,76,109,256921.0,Buenaventura,Valle
996,76,111,114081.0,Buga,Valle
997,76,113,22030.0,Bugalagrande,Valle
998,76,122,26132.0,Caicedonia,Valle
999,76,126,16016.0,Calima (darien),Valle
1000,76,130,84626.0,Candelaria,Valle
1001,76,147,117395.0,Cartago,Valle
1002,76,233,39550.0,Dagua,Valle
1003,76,243,7373.0,El aguila,Valle
1004,76,246,6179.0,El cairo,Valle
1005,76,248,53929.0,El cerrito,Valle
1006,76,250,8496.0,El dovio,Valle
1007,76,275,54207.0,Florida,Valle
1008,76,306,18956.0,Ginebra,Valle
1009,76,318,30090.0,Guacari,Valle
1010,76,364,127125.0,Jamundi,Valle
1011,76,377,12839.0,La cumbre,Valle
1012,76,400,29367.0,La union,Valle
1013,76,403,11046.0,La victoria,Valle
1014,76,497,10970.0,Obando,Valle
1015,76,520,299173.0,Palmira,Valle
1016,76,563,43506.0,Pradera,Valle
1017,76,606,12798.0,Restrepo,Valle
1018,76,616,14027.0,Riofrio,Valle
1019,76,622,31466.0,Roldanillo,Valle
1020,76,670,15450.0,San pedro,Valle
1021,76,736,36552.0,Sevilla,Valle
1022,76,823,12068.0,Toro,Valle
1023,76,828,16646.0,Trujillo,Valle
1024,76,834,185762.0,Tulua,Valle
1025,76,845,4772.0,Ulloa,Valle
1026,76,863,6233.0,Versalles,Valle
1027,76,869,10741.0,Vijes,Valle
1028,76,890,15319.0,Yotoco,Valle
1029,76,892,94868.0,Yumbo,Valle
1030,76,895,39295.0,Zarzal,Valle
1031,81,1,74637.0,Arauca,Arauca
1032,81,65,44793.0,Arauquita,Arauca
1033,81,220,3644.0,Cravo norte,Arauca
1034,81,300,17394.0,Fortul,Arauca
1035,81,591,4145.0,Puerto rondon,Arauca
1036,81,736,52278.0,Saravena,Arauca
1037,81,794,39855.0,Tame,Arauca
1038,85,1,154478.0,Yopal,Casanare
1039,85,10,33408.0,Aguazul,Casanare
1040,85,15,1957.0,Chameza,Casanare
1041,85,125,10985.0,Hato corozal,Casanare
1042,85,136,1174.0,La salina,Casanare
1043,85,139,12849.0,Mani,Casanare
1044,85,162,14803.0,Monterrey,Casanare
1045,85,225,8402.0,Nunchia,Casanare
1046,85,230,7938.0,Orocue,Casanare
1047,85,250,33956.0,Paz de ariporo,Casanare
1048,85,263,10675.0,Pore,Casanare
1049,85,279,1230.0,Recetor,Casanare
1050,85,300,3005.0,Sabanalarga,Casanare
1051,85,315,1675.0,Sacama,Casanare
1052,85,325,7436.0,San luis de palenque,Casanare
1053,85,400,6095.0,Tamara,Casanare
1054,85,410,21288.0,Tauramena,Casanare
1055,85,430,11583.0,Trinidad,Casanare
1056,85,440,31691.0,Villanueva,Casanare
1057,86,1,47837.0,Mocoa,Putumayo
1058,86,219,5199.0,Colon,Putumayo
1059,86,320,32644.0,Orito,Putumayo
1060,86,568,55919.0,Puerto asis,Putumayo
1061,86,569,11082.0,Puerto caicedo,Putumayo
1062,86,571,16820.0,Puerto guzman,Putumayo
1063,86,573,18497.0,Puerto leguizamo,Putumayo
1064,86,749,14070.0,Sibundoy,Putumayo
1065,86,755,5560.0,San francisco,Putumayo
1066,86,757,13903.0,San miguel (la dorada),Putumayo
1067,86,760,6819.0,Santiago,Putumayo
1068,86,865,27150.0,La hormiga (valle del guamuez),Putumayo
1069,86,885,21977.0,Villagarzon,Putumayo
1070,88,1,43289.0,San andres,San andres
1071,88,564,4545.0,Providencia,San andres
1072,91,1,41254.0,Leticia,Amazonas
1073,91,263,1637.0,El encanto,Amazonas
1074,91,405,1759.0,La chorrera,Amazonas
1075,91,407,3510.0,La pedrera,Amazonas
1076,91,430,166.0,La victoria,Amazonas
1077,91,460,850.0,Miriti-parana,Amazonas
1078,91,530,681.0,Puerto alegria,Amazonas
1079,91,536,766.0,Puerto arica,Amazonas
1080,91,540,7465.0,Puerto nariño,Amazonas
1081,91,669,1279.0,Puerto santander,Amazonas
1082,91,798,2831.0,Tarapaca,Amazonas
1083,94,1,27002.0,Puerto inirida,Guainia
1084,94,343,5156.0,Barranco minas,Guainia
1085,94,883,1094.0,San felipe,Guainia
1086,94,884,1214.0,Puerto colombia,Guainia
1087,94,885,157.0,La guadalupe,Guainia
1088,94,886,607.0,Cacahual,Guainia
1089,94,887,969.0,Pana pana (campo alegre),Guainia
1090,94,888,655.0,Morichal (morichal nuevo),Guainia
1091,95,1,45051.0,San jose del guaviare,Guaviare
1092,95,15,7900.0,Calamar,Guaviare
1093,95,25,10053.0,El retorno,Guaviare
1094,95,200,4023.0,Miraflores,Guaviare
1095,97,1,21642.0,Mitu,Vaupes
1096,97,161,2036.0,Caruru,Vaupes
1097,97,511,2865.0,Pacoa,Vaupes
1098,97,666,1581.0,Taraira,Vaupes
1099,97,777,432.0,Papunaua (morichal),Vaupes
1100,97,889,407.0,Yavarate,Vaupes
1101,99,1,18945.0,Puerto carreño,Vichada
1102,99,524,8878.0,La primavera,Vichada
1103,99,773,39954.0,Cumaribo,Vichada
